URL_ID,URL,POSITIVE SCORE,NEGATIVE SCORE,POLARITY SCORE,SUBJECTIVITY SCORE,AVG SENTENCE LENGTH,PERCENTAGE OF COMPLEX WORDS,FOG INDEX,AVG NUMBER OF WORDS PER SENTENCE,COMPLEX WORD COUNT,WORD COUNT,SYLLABLE PER WORD,PERSONAL PRONOUNS,AVG WORD LENGTH,positive_score,negative_score,polarity_score,subjectivity_score,avg_sentence_length,Percentage_of_Complex_words,Fog_Index,complex_word_count,word_count,avg_syllable_word_count,pp_count,average_word_length
123.0,https://insights.blackcoffer.com/rise-of-telemedicine-and-its-impact-on-livelihood-by-2040-3-2/,,,,,,,,,,,,,,0.4278615108013041,0.037604662895029284,0.8935558467479522,0.5225360479173118,14,146,0.21860270573774743,174,622,0.39172321270962795,6,0.2799870712585262
321.0,https://insights.blackcoffer.com/rise-of-e-health-and-its-impact-on-humans-by-the-year-2030/,,,,,,,,,,,,,,0.06609159838959489,0.3952855665279237,0.5689299710137043,0.4866481130293365,11,190,0.690669510389374,152,677,0.2491637179106989,11,0.5738351675116141
2345.0,https://insights.blackcoffer.com/rise-of-e-health-and-its-imapct-on-humans-by-the-year-2030-2/,,,,,,,,,,,,,,0.11272371293719996,0.9410325018831819,0.432672503339961,0.432278043579701,11,147,0.18778255126922028,100,843,0.08650167723107749,11,0.46642901069301435
4321.0,https://insights.blackcoffer.com/rise-of-telemedicine-and-its-impact-on-livelihood-by-2040-2/,,,,,,,,,,,,,,0.6055158560545474,0.3468292659689117,0.7912117764864827,0.8371208209863735,17,108,0.37830935490151396,170,953,0.5986637984435841,8,0.15743545551150906
432.0,https://insights.blackcoffer.com/rise-of-telemedicine-and-its-impact-on-livelihood-by-2040-2-2/,,,,,,,,,,,,,,0.9580388369659948,0.1725447100081382,0.7602596619092783,0.10974382062378418,11,173,0.626886668834457,115,504,0.2658431031474354,5,0.34673923116789473
2893.8,https://insights.blackcoffer.com/rise-of-chatbots-and-its-impact-on-customer-support-by-the-year-2040/,,,,,,,,,,,,,,0.4713238868614522,0.9316464218760503,0.5215552945212101,0.7148882237591893,14,169,0.9042471231059139,127,595,0.25447897139699205,10,0.0661240889745277
3355.6,https://insights.blackcoffer.com/rise-of-e-health-and-its-imapct-on-humans-by-the-year-2030/,,,,,,,,,,,,,,0.3301342582234301,0.30542756597567466,0.8943874895613069,0.9317474155757072,17,160,0.803442848684283,154,968,0.8531960719165828,11,0.7384861676449533
4279.2,https://insights.blackcoffer.com/how-advertisement-increase-your-market-value/,,,,,,,,,,,,,,0.7000539315886994,0.9940547642340747,0.5534621771629813,0.047492692110837176,15,144,0.0417704675477415,102,943,0.594051478968843,12,0.5238064518398801
4741.0,https://insights.blackcoffer.com/negative-effects-of-marketing-on-society/,,,,,,,,,,,,,,0.29020926207072484,0.7774509668520502,0.3677462120130217,0.8588170529715143,17,190,0.8665763901677732,102,566,0.7922411641378421,12,0.8025457338323811
5202.8,https://insights.blackcoffer.com/how-advertisement-marketing-affects-business/,,,,,,,,,,,,,,0.8818112427992126,0.9552522275098186,0.09771051929031849,0.5753455812386269,15,166,0.3787876242950091,117,864,0.002994935306180224,10,0.4609699368167137
5664.6,https://insights.blackcoffer.com/rising-it-cities-will-impact-the-economy-environment-infrastructure-and-city-life-by-the-year-2035/,,,,,,,,,,,,,,0.30065487740498864,0.34301432343547544,0.465526871421753,0.4385044570859643,14,168,0.38679328897340404,135,554,0.472005008942611,6,0.2894235565749115
6126.4,https://insights.blackcoffer.com/rise-of-ott-platform-and-its-impact-on-entertainment-industry-by-the-year-2030/,,,,,,,,,,,,,,0.016426638590353426,0.8528701250799957,0.6043209601507497,0.7865463782892433,18,154,0.0036079713176619954,155,849,0.9857456582328903,14,0.7319679398958095
6588.2,https://insights.blackcoffer.com/rise-of-electric-vehicles-and-its-impact-on-livelihood-by-2040/,,,,,,,,,,,,,,0.9050774267961168,0.5353162476955146,0.8610896216204267,0.6270816641309542,12,121,0.3498912006611453,107,763,0.30250643040781944,8,0.006867588089817467
7050.0,https://insights.blackcoffer.com/rise-of-electric-vehicle-and-its-impact-on-livelihood-by-the-year-2040/,,,,,,,,,,,,,,0.8575837751092196,0.4675823696456677,0.5066195598538157,0.43841852345782506,13,139,0.7238321346113243,111,775,0.9194996234060991,13,0.49987831222380064
7511.8,https://insights.blackcoffer.com/oil-prices-by-the-year-2040-and-how-it-will-impact-the-world-economy/,,,,,,,,,,,,,,0.12264460934488408,0.5429429252830568,0.4853203867783036,0.34870997989326313,19,178,0.9660894999716415,191,830,0.49403480026322655,5,0.6231778378489246
7973.6,https://insights.blackcoffer.com/an-outlook-of-healthcare-by-the-year-2040-and-how-it-will-impact-human-lives/,,,,,,,,,,,,,,0.28576872976692347,0.4109174032433147,0.28390930060331,0.25216628933496343,12,113,0.7150587438627138,151,558,0.2113443202732418,7,0.1671597872246141
8435.4,https://insights.blackcoffer.com/ai-in-healthcare-to-improve-patient-outcomes/,,,,,,,,,,,,,,0.49396236341581534,0.7740113605963542,0.8814284087793253,0.5302326122216873,12,100,0.13656770240258898,188,927,0.5564135631232126,10,0.7525269601673792
8897.2,https://insights.blackcoffer.com/what-if-the-creation-is-taking-over-the-creator/,,,,,,,,,,,,,,0.8209879516263587,0.4647290352071305,0.41985789618553737,0.007201337069272951,17,147,0.6419845592691775,155,720,0.8876742956288676,11,0.83391916902099
9359.0,https://insights.blackcoffer.com/what-jobs-will-robots-take-from-humans-in-the-future/,,,,,,,,,,,,,,0.7593578545438086,0.9749316338292023,0.2459067572158059,0.7524513377496284,10,152,0.7090772882249848,124,719,0.6694645461900927,5,0.40491373538621633
10282.6,https://insights.blackcoffer.com/will-ai-replace-us-or-work-with-us/,,,,,,,,,,,,,,0.060483264159634564,0.8460471227630226,0.32077220321895694,0.9296889916630445,12,195,0.40513293187829325,115,921,0.7098597211731555,13,0.0071485305535999855
10744.4,https://insights.blackcoffer.com/man-and-machines-together-machines-are-more-diligent-than-humans-blackcoffe/,,,,,,,,,,,,,,0.12107962267311334,0.020146801302860617,0.4874669765804759,0.03965027037657631,11,171,0.9273897246368551,140,941,0.30715095780227797,9,0.6775414869796627
11206.2,https://insights.blackcoffer.com/in-future-or-in-upcoming-years-humans-and-machines-are-going-to-work-together-in-every-field-of-work/,,,,,,,,,,,,,,0.6766754658592551,0.5757941677047503,0.746629226244922,0.6514025753217613,10,114,0.01096387456281911,196,536,0.40427830389329567,11,0.6933723096810823
11668.0,https://insights.blackcoffer.com/how-neural-networks-can-be-applied-in-various-areas-in-the-future/,,,,,,,,,,,,,,0.8473129763632141,0.9234054450225746,0.06610832365237307,0.9466791538684161,16,151,0.5676457384306225,102,634,0.6464564139171749,13,0.7042683498392323
12129.8,https://insights.blackcoffer.com/how-machine-learning-will-affect-your-business/,,,,,,,,,,,,,,0.8419648207915809,0.746382770600214,0.660389670747022,0.13105207913963324,18,130,0.3459473321160125,119,941,0.011834823444104359,8,0.45301986568467567
12591.6,https://insights.blackcoffer.com/deep-learning-impact-on-areas-of-e-learning/,,,,,,,,,,,,,,0.6565535202786444,0.38814148045806907,0.21164129880468674,0.9051039885358532,14,105,0.8123470106954975,175,896,0.606710260240047,7,0.32994519480469986
13053.4,https://insights.blackcoffer.com/how-to-protect-future-data-and-its-privacy-blackcoffer/,,,,,,,,,,,,,,0.0350637520852104,0.626988207295249,0.4844493148234176,0.6941316670429899,11,107,0.5922901737320352,186,722,0.4864615432402756,10,0.70944927160432
13515.2,https://insights.blackcoffer.com/how-machines-ai-automations-and-robo-human-are-effective-in-finance-and-banking/,,,,,,,,,,,,,,0.5410049997309508,0.9611596453522928,0.08765076316383635,0.36894413712166607,11,165,0.5904017018294184,163,545,0.6151644919014033,6,0.7803488554562652
13977.0,https://insights.blackcoffer.com/ai-human-robotics-machine-future-planet-blackcoffer-thinking-jobs-workplace/,,,,,,,,,,,,,,0.9284390096911431,0.02679486491499672,0.40376774690776385,0.5923836116848198,16,131,0.07397273081509881,183,697,0.8117643886759437,13,0.8068918153883669
14438.8,https://insights.blackcoffer.com/how-ai-will-change-the-world-blackcoffer/,,,,,,,,,,,,,,0.2690945846756596,0.40216389958557885,0.8000358322386822,0.29358433509579085,14,166,0.3351877395139984,179,883,0.23173103782479965,5,0.5602668686865547
14900.6,https://insights.blackcoffer.com/future-of-work-how-ai-has-entered-the-workplace/,,,,,,,,,,,,,,0.8401831785861974,0.28717898350274274,0.3496557642581408,0.24395431080450403,16,117,0.1786686718866637,178,700,0.9207412824800713,13,0.8730410486941496
15362.4,https://insights.blackcoffer.com/ai-tool-alexa-google-assistant-finance-banking-tool-future/,,,,,,,,,,,,,,0.878964846132268,0.6223448797145748,0.2944341920964987,0.7712064841746503,19,163,0.7512335893508342,101,661,0.5531644720806309,10,0.19986524138906547
15824.2,https://insights.blackcoffer.com/ai-healthcare-revolution-ml-technology-algorithm-google-analytics-industrialrevolution/,,,,,,,,,,,,,,0.9741782289281727,0.517340223423418,0.7927266507289779,0.3804773202479047,15,130,0.4307592929089774,121,500,0.3092773799912174,12,0.4420301234920465
16286.0,https://insights.blackcoffer.com/all-you-need-to-know-about-online-marketing/,,,,,,,,,,,,,,0.19099585723453005,0.143555755318174,0.3742018779556344,0.8874842401734113,11,177,0.1582734632858115,197,702,0.8223777934838482,8,0.963889754515559
16747.8,https://insights.blackcoffer.com/evolution-of-advertising-industry/,,,,,,,,,,,,,,0.0107989022394962,0.21432917853098088,0.6942152460274827,0.5610746327010412,14,197,0.19969076179335998,178,991,0.40202775235014543,6,0.39429944218695623
17209.6,https://insights.blackcoffer.com/how-data-analytics-can-help-your-business-respond-to-the-impact-of-covid-19/,,,,,,,,,,,,,,0.06908161528807644,0.22745132855734218,0.057454539620387046,0.3243823520715692,16,133,0.9669679553151297,104,894,0.10322665940632147,11,0.19594754018145666
17671.4,https://insights.blackcoffer.com/covid-19-environmental-impact-for-the-future/,,,,,,,,,,,,,,0.9191361477719111,0.6522848133065955,0.015225301592268425,0.8917078291494811,13,184,0.7446200299495448,113,526,0.2074951878912321,12,0.4315822800360064
18133.2,https://insights.blackcoffer.com/environmental-impact-of-the-covid-19-pandemic-lesson-for-the-future/,,,,,,,,,,,,,,0.50904784038093,0.8154098076159451,0.46400177248368635,0.3674971619422246,13,139,0.4370191519800998,140,893,0.2168932036487845,5,0.8002344136792855
18595.0,https://insights.blackcoffer.com/how-data-analytics-and-ai-are-used-to-halt-the-covid-19-pandemic/,,,,,,,,,,,,,,0.6642738389130447,0.06040466419891599,0.3377852526008871,0.5334936104622587,14,120,0.14557431796148712,104,861,0.42549591090521977,12,0.5530972723844483
19056.8,https://insights.blackcoffer.com/difference-between-artificial-intelligence-machine-learning-statistics-and-data-mining/,,,,,,,,,,,,,,0.3732758314083323,0.02428251472240417,0.026603932261991425,0.49837466442570677,15,165,0.1262092287879777,124,991,0.6624956421220916,11,0.5102639848035982
19518.6,https://insights.blackcoffer.com/how-python-became-the-first-choice-for-data-science/,,,,,,,,,,,,,,0.033550216271455824,0.4537058130601853,0.03318415102602379,0.18986682602239136,13,142,0.08379078051603706,195,741,0.513215737441698,5,0.2606282327775358
19980.4,https://insights.blackcoffer.com/how-google-fit-measure-heart-and-respiratory-rates-using-a-phone/,,,,,,,,,,,,,,0.9053394237173942,0.7821375802547987,0.5565080979703984,0.9888266860311918,14,196,0.8094234444241859,180,949,0.0828483348841541,5,0.0675828383185505
20442.2,https://insights.blackcoffer.com/what-is-the-future-of-mobile-apps/,,,,,,,,,,,,,,0.776621988948078,0.251829554700837,0.30020072305776657,0.5091394679242233,11,176,0.28056535489591383,160,878,0.7549961420504683,13,0.9553306807982238
20904.0,https://insights.blackcoffer.com/impact-of-ai-in-health-and-medicine/,,,,,,,,,,,,,,0.46453595436682005,0.9588679146856375,0.3157628770496823,0.3184087770196685,14,190,0.11433047690954534,106,525,0.8901124196290578,14,0.7354138497690003
21365.8,https://insights.blackcoffer.com/telemedicine-what-patients-like-and-dislike-about-it/,,,,,,,,,,,,,,0.3194763566216339,0.379409986284756,0.19170157687348865,0.7717541348638929,19,161,0.3199340574026627,104,782,0.45832550424735374,7,0.1541720150723379
21827.6,https://insights.blackcoffer.com/how-we-forecast-future-technologies/,,,,,,,,,,,,,,0.27456438505052916,0.010902865296245623,0.8994566810308203,0.6759796167432718,13,103,0.5671661660739065,119,616,0.8669815422790521,6,0.3682606842241368
22289.4,https://insights.blackcoffer.com/can-robots-tackle-late-life-loneliness/,,,,,,,,,,,,,,0.6959746697028072,0.9670597683150322,0.022704343963868112,0.6766189046904689,18,174,0.2090088627580423,187,723,0.21413627645172573,6,0.9145943987480513
22751.2,https://insights.blackcoffer.com/embedding-care-robots-into-society-socio-technical-considerations/,,,,,,,,,,,,,,0.4624956927689914,0.6214323273061823,0.13472648081079786,0.3542918945625889,13,165,0.6645829061979662,193,877,0.8610298973762156,9,0.2408633683087138
23213.0,https://insights.blackcoffer.com/management-challenges-for-future-digitalization-of-healthcare-services/,,,,,,,,,,,,,,0.15398929666365846,0.2733420002720812,0.44514026652318806,0.9604786040077783,15,110,0.8138015031572343,127,732,0.5618466965052844,11,0.10692383525329097
23674.8,https://insights.blackcoffer.com/are-we-any-closer-to-preventing-a-nuclear-holocaust/,,,,,,,,,,,,,,0.7392456174624707,0.7909515277586023,0.31445897312218807,0.5824957406036432,19,178,0.9949822195053383,156,509,0.07079766972248536,10,0.8024695777354948
24136.6,https://insights.blackcoffer.com/will-technology-eliminate-the-need-for-animal-testing-in-drug-development/,,,,,,,,,,,,,,0.4902526448955431,0.02076974472359927,0.17718341416586147,0.9830862629363911,13,137,0.9348672002835635,169,912,0.4001202139697323,12,0.18137530210254793
24598.4,https://insights.blackcoffer.com/will-we-ever-understand-the-nature-of-consciousness/,,,,,,,,,,,,,,0.18182714520772025,0.2812558150630202,0.7867800083451032,0.07085745386708397,18,115,0.6176254707909277,167,586,0.634757227407889,7,0.41426190045369016
25060.2,https://insights.blackcoffer.com/will-we-ever-colonize-outer-space/,,,,,,,,,,,,,,0.6109836750514905,0.2946128383110359,0.535316938219658,0.39743461843965155,13,180,0.14230987556938546,177,737,0.998069389802528,5,0.8870435560425823
25522.0,https://insights.blackcoffer.com/what-is-the-chance-homo-sapiens-will-survive-for-the-next-500-years/,,,,,,,,,,,,,,0.5071116702090284,0.33871388971841476,0.20340453266505454,0.5099710504441275,13,156,0.8280071829975533,164,883,0.06584541612661532,5,0.3588403554277224
25983.8,https://insights.blackcoffer.com/why-does-your-business-need-a-chatbot/,,,,,,,,,,,,,,0.34337839385188473,0.7390051325606615,0.5384881894938535,0.662613213123558,12,102,0.7682377942789652,139,898,0.14849247655872866,10,0.4749606438705447
26445.6,https://insights.blackcoffer.com/how-you-lead-a-project-or-a-team-without-any-technical-expertise/,,,,,,,,,,,,,,0.14888904306813977,0.9205265023780462,0.5899623726665345,0.8210178699153091,10,118,0.10338333315091763,131,602,0.10951020085812702,8,0.29073571203574833
26907.4,https://insights.blackcoffer.com/can-you-be-great-leader-without-technical-expertise/,,,,,,,,,,,,,,0.8551203352551602,0.7038752603657946,0.3749131040435548,0.5235253818762736,11,177,0.049009718738825425,173,732,0.3014792091273144,8,0.7953549940900545
27369.2,https://insights.blackcoffer.com/how-does-artificial-intelligence-affect-the-environment/,,,,,,,,,,,,,,0.20574955406961182,0.962292471229391,0.8509532778038815,0.40238308890163577,18,125,0.20628763806827444,106,526,0.59209178626116,5,0.9306976519597109
27831.0,https://insights.blackcoffer.com/how-to-overcome-your-fear-of-making-mistakes-2/,,,,,,,,,,,,,,0.7505015880411928,0.6455405668908519,0.16919078946188582,0.32615198872535256,11,115,0.5761530484840999,142,910,0.6955520472724858,10,0.0617172503127319
28292.8,https://insights.blackcoffer.com/is-perfection-the-greatest-enemy-of-productivity/,,,,,,,,,,,,,,0.909885609765045,0.8015286696806649,0.30710333747698537,0.3385349230744271,19,131,0.6840991248497543,134,964,0.6590132806690049,9,0.7126925334446237
28754.6,https://insights.blackcoffer.com/global-financial-crisis-2008-causes-effects-and-its-solution/,,,,,,,,,,,,,,0.6722824489865855,0.16521200423669014,0.9667793635355423,0.27633360501229276,12,125,0.3463330979587629,194,724,0.43258862953590405,5,0.2791106537091107
29216.4,https://insights.blackcoffer.com/gender-diversity-and-equality-in-the-tech-industry/,,,,,,,,,,,,,,0.8581406713775296,0.35685193330684917,0.5996948733056395,0.816834736128128,13,118,0.7972672029442878,181,947,0.940161259671825,10,0.816664087833157
29678.2,https://insights.blackcoffer.com/how-to-overcome-your-fear-of-making-mistakes/,,,,,,,,,,,,,,0.18913044735234574,0.5853783551445713,0.2391670791830378,0.535660739128611,16,187,0.3403680737461592,157,547,0.174058500601465,13,0.6308085171512445
30140.0,https://insights.blackcoffer.com/how-small-business-can-survive-the-coronavirus-crisis/,,,,,,,,,,,,,,0.23670732510932735,0.8581644964180583,0.2590552878763023,0.31237279237557625,16,159,0.8317606682610376,138,758,0.7572078700920305,6,0.7752121688122583
30601.8,https://insights.blackcoffer.com/impacts-of-covid-19-on-vegetable-vendors-and-food-stalls/,,,,,,,,,,,,,,0.982966684883941,0.6279244427805137,0.3835767909826805,0.2194761251402758,16,146,0.1555496505277948,139,812,0.6826801889309,13,0.8408599811664661
31063.6,https://insights.blackcoffer.com/impacts-of-covid-19-on-vegetable-vendors/,,,,,,,,,,,,,,0.8133560593273408,0.5911924895528675,0.329645143126192,0.25070132094283215,16,108,0.6703523191801523,129,989,0.4258816612353248,10,0.33017793304181364
31525.4,https://insights.blackcoffer.com/impact-of-covid-19-pandemic-on-tourism-aviation-industries/,,,,,,,,,,,,,,0.33474377209829886,0.3703842363645039,0.9834405252063902,0.23427184922788735,17,184,0.8252913128777852,113,842,0.2438791996546118,14,0.9607718813029656
31987.2,https://insights.blackcoffer.com/impact-of-covid-19-pandemic-on-sports-events-around-the-world/,,,,,,,,,,,,,,0.04475884911455419,0.2755302027337737,0.5793301145380604,0.39014808399165946,14,195,0.0871304441118107,129,934,0.0949319437884999,11,0.5101417681567749
32449.0,https://insights.blackcoffer.com/changing-landscape-and-emerging-trends-in-the-indian-it-ites-industry/,,,,,,,,,,,,,,0.21346631097428737,0.8866248654579244,0.19791523771882924,0.98846248135695,14,152,0.8403525621439635,101,686,0.9535735439724317,9,0.6130055442455791
32910.8,https://insights.blackcoffer.com/online-gaming-adolescent-online-gaming-effects-demotivated-depression-musculoskeletal-and-psychosomatic-symptoms/,,,,,,,,,,,,,,0.7807872078104569,0.7512183360442828,0.8622335881662814,0.10473401358056655,17,105,0.26908949706305885,186,802,0.15997315515568222,5,0.8689075958640239
33372.6,https://insights.blackcoffer.com/human-rights-outlook/,,,,,,,,,,,,,,0.2324564887216003,0.38759796264003454,0.8584902692387031,0.9864841786508557,10,131,0.35502070583575007,131,516,0.18346541531338156,7,0.8929703038149935
33834.4,https://insights.blackcoffer.com/how-voice-search-makes-your-business-a-successful-business/,,,,,,,,,,,,,,0.6913457016921796,0.9209141209640325,0.0530705605881826,0.7789343242020511,17,152,0.5752715005105988,122,643,0.9968453509115366,7,0.6388809242442082
34296.2,https://insights.blackcoffer.com/how-the-covid-19-crisis-is-redefining-jobs-and-services/,,,,,,,,,,,,,,0.1021347200752819,0.31526125083536427,0.2386669195430554,0.311604242410756,12,151,0.4583639840117901,181,527,0.22219734632863208,7,0.15194473863891955
34758.0,https://insights.blackcoffer.com/how-to-increase-social-media-engagement-for-marketers/,,,,,,,,,,,,,,0.34730060083428005,0.17885535944436814,0.04451831390116456,0.018206496667053873,16,184,0.7548151854286457,102,874,0.4243845405662502,10,0.3572740682804386
35219.8,https://insights.blackcoffer.com/impacts-of-covid-19-on-streets-sides-food-stalls/,,,,,,,,,,,,,,0.4907248961183317,0.9967549042318385,0.7222777266301916,0.6097384018092559,10,164,0.35818426413472115,162,616,0.21431004826061173,7,0.5717941372972637
35681.6,https://insights.blackcoffer.com/coronavirus-impact-on-energy-markets-2/,,,,,,,,,,,,,,0.8294060158322372,0.8462953865778411,0.35676616298164043,0.9478124172603997,10,109,0.8356783622524387,136,870,0.9756070660773182,14,0.5480238169735185
36143.4,https://insights.blackcoffer.com/coronavirus-impact-on-the-hospitality-industry-5/,,,,,,,,,,,,,,0.2710894647116967,0.37822015031899636,0.6669862877078311,0.7992903606418189,18,177,0.299530508564279,169,690,0.28431252655177275,6,0.8307048205964696
36605.2,https://insights.blackcoffer.com/lessons-from-the-past-some-key-learnings-relevant-to-the-coronavirus-crisis-4/,,,,,,,,,,,,,,0.3298657129179584,0.2229718145357007,0.04273204093059979,0.3918180295827749,14,141,0.3868355692775848,117,540,0.26803710265475467,13,0.8780285418472841
37067.0,https://insights.blackcoffer.com/estimating-the-impact-of-covid-19-on-the-world-of-work-2/,,,,,,,,,,,,,,0.7527327176868759,0.7784737555951171,0.7150329743904822,0.32767550458036077,14,101,0.8505663780097599,154,558,0.8654432005121176,6,0.6192561958030918
37528.8,https://insights.blackcoffer.com/estimating-the-impact-of-covid-19-on-the-world-of-work-3/,,,,,,,,,,,,,,0.5004432815352226,0.8568554760432774,0.4633481437719599,0.8527782930993763,14,102,0.7937218277446118,161,673,0.6915590548982921,13,0.12415344167871267
37990.6,https://insights.blackcoffer.com/travel-and-tourism-outlook/,,,,,,,,,,,,,,0.32601115375943923,0.7165250083840595,0.3090110898674798,0.7871476562843126,11,140,0.5590671187984595,142,849,0.7770964392174632,14,0.18427395839847438
38452.4,https://insights.blackcoffer.com/gaming-disorder-and-effects-of-gaming-on-health/,,,,,,,,,,,,,,0.18769601384936352,0.39855846467435274,0.5769683563425436,0.37930491031364755,12,199,0.9536388976785023,148,977,0.6151953837189582,6,0.3466257096400994
38914.2,https://insights.blackcoffer.com/what-is-the-repercussion-of-the-environment-due-to-the-covid-19-pandemic-situation/,,,,,,,,,,,,,,0.35256413780999984,0.2795965889852198,0.595809301518993,0.25088565924103123,13,175,0.8859654910408421,143,521,0.7752403504941817,9,0.8303134894583912
39376.0,https://insights.blackcoffer.com/what-is-the-repercussion-of-the-environment-due-to-the-covid-19-pandemic-situation-2/,,,,,,,,,,,,,,0.7714631708073086,0.6684701895575295,0.7495713100593328,0.9900769057533525,14,185,0.12630335438293827,111,834,0.3146548499231213,10,0.6838139105442184
39837.8,https://insights.blackcoffer.com/impact-of-covid-19-pandemic-on-office-space-and-co-working-industries/,,,,,,,,,,,,,,0.43067733784962225,0.5560091329694435,0.8057306985543289,0.013574729895063586,14,145,0.959410028730873,177,641,0.5149554868880893,7,0.22940411930923854
40299.6,https://insights.blackcoffer.com/contribution-of-handicrafts-visual-arts-literature-in-the-indian-economy/,,,,,,,,,,,,,,0.4114018723089733,0.5067851751493687,0.4802092169629756,0.3889720761350096,12,130,0.9066756736763384,186,962,0.7423618356306607,7,0.3985290587485213
40761.4,https://insights.blackcoffer.com/how-covid-19-is-impacting-payment-preferences/,,,,,,,,,,,,,,0.3332724042501525,0.2016499286584621,0.6792111059810274,0.9052421707481777,14,103,0.09335894171903925,170,925,0.9945835469363146,5,0.9404797988588041
41223.2,https://insights.blackcoffer.com/how-will-covid-19-affect-the-world-of-work-2/,,,,,,,,,,,,,,0.35845354786289296,0.4639287525722293,0.17619257995818338,0.30818454867622147,11,188,0.9750569821873617,112,729,0.5414313012872679,9,0.2701828434284982
41685.0,https://insights.blackcoffer.com/lessons-from-the-past-some-key-learnings-relevant-to-the-coronavirus-crisis/,,,,,,,,,,,,,,0.9943756232351736,0.053550745808635836,0.4334691528338973,0.4722628695773574,10,161,0.1701725292688533,157,783,0.010691154904511113,10,0.7766215717455531
42146.8,https://insights.blackcoffer.com/covid-19-how-have-countries-been-responding/,,,,,,,,,,,,,,0.35034960384373937,0.9196732159304085,0.2583377303658203,0.9705163284191642,10,193,0.45865853120365574,122,863,0.3656826343500581,7,0.3534921834818179
42608.6,https://insights.blackcoffer.com/coronavirus-impact-on-the-hospitality-industry-2/,,,,,,,,,,,,,,0.10042048272798076,0.15678527111366802,0.8305397525350469,0.49053994530156386,15,110,0.7887175482198135,168,544,0.20566787744058812,6,0.7371597226297776
43070.4,https://insights.blackcoffer.com/how-will-covid-19-affect-the-world-of-work-3/,,,,,,,,,,,,,,0.6460033474939288,0.11730850793123737,0.8866345468074701,0.26404517829757634,18,128,0.7143723098038248,103,638,0.9887854722979649,9,0.2002797344148256
43532.2,https://insights.blackcoffer.com/coronavirus-impact-on-the-hospitality-industry-3/,,,,,,,,,,,,,,0.3064337870513719,0.13457492546830774,0.025758526928260528,0.051444744732159986,14,108,0.855595292601195,124,508,0.20247337892366934,12,0.053097407036631794
43994.0,https://insights.blackcoffer.com/estimating-the-impact-of-covid-19-on-the-world-of-work/,,,,,,,,,,,,,,0.20343556539889684,0.2699544766584627,0.8149311184789141,0.025014100626111535,13,149,0.7297201671484412,193,724,0.5475208334763386,10,0.7594302048521442
44455.8,https://insights.blackcoffer.com/covid-19-how-have-countries-been-responding-2/,,,,,,,,,,,,,,0.5767810026545686,0.6269554513704172,0.3011838683356941,0.9913840362716073,18,121,0.48743252027556994,144,590,0.37832048763110215,10,0.35694848199171925
44917.6,https://insights.blackcoffer.com/how-will-covid-19-affect-the-world-of-work-4/,,,,,,,,,,,,,,0.9138536976546473,0.4128115385699179,0.04080901968095363,0.9039458886756421,19,107,0.5758404890141835,150,683,0.6630787086007964,5,0.2328979483775392
45379.4,https://insights.blackcoffer.com/lessons-from-the-past-some-key-learnings-relevant-to-the-coronavirus-crisis-2/,,,,,,,,,,,,,,0.7629861506465704,0.9225759136896033,0.8828940045823369,0.1971710222356563,19,189,0.6594064834813694,183,634,0.8307399601283783,6,0.1317489543880096
45841.2,https://insights.blackcoffer.com/lessons-from-the-past-some-key-learnings-relevant-to-the-coronavirus-crisis-3/,,,,,,,,,,,,,,0.8487521796287179,0.9697104903317798,0.12359095599045422,0.9597929667917943,13,153,0.828735486498945,163,719,0.08791140132934205,12,0.5375938949682324
46303.0,https://insights.blackcoffer.com/coronavirus-impact-on-the-hospitality-industry-4/,,,,,,,,,,,,,,0.5738084583089444,0.40294759419892956,0.994930819985282,0.9370309398656739,18,123,0.7822644379475827,179,815,0.21178315276971493,12,0.09285345946183388
46764.8,https://insights.blackcoffer.com/why-scams-like-nirav-modi-happen-with-indian-banks/,,,,,,,,,,,,,,0.13978888989937044,0.10519854486800473,0.8292016395941331,0.9335681576147109,16,109,0.04479226905774736,120,518,0.04450008680820383,12,0.7181192259577515
47226.6,https://insights.blackcoffer.com/impact-of-covid-19-on-the-global-economy/,,,,,,,,,,,,,,0.6102269239546186,0.7624284892875449,0.8220699765530811,0.26128213668007005,12,114,0.47241784894248295,194,602,0.9784799883267059,12,0.2661436019844562
47688.4,https://insights.blackcoffer.com/impact-of-covid-19coronavirus-on-the-indian-economy-2/,,,,,,,,,,,,,,0.09331990432362425,0.573817988738562,0.9037110687432731,0.6139576393249325,14,134,0.5607399709440695,190,500,0.054820784040821025,5,0.3288301959884852
48150.2,https://insights.blackcoffer.com/impact-of-covid-19-on-the-global-economy-2/,,,,,,,,,,,,,,0.8196572310296093,0.7174359905461926,0.2768552796777375,0.10345365293972175,13,120,0.9003205802570261,118,631,0.7461954057974993,11,0.1986892025765179
48612.0,https://insights.blackcoffer.com/impact-of-covid-19-coronavirus-on-the-indian-economy-3/,,,,,,,,,,,,,,0.1183486778127969,0.976931730339064,0.45237400066937183,0.9069371264985793,12,150,0.2889921885950384,144,567,0.2942619081312504,9,0.7684187198583208
49073.8,https://insights.blackcoffer.com/should-celebrities-be-allowed-to-join-politics/,,,,,,,,,,,,,,0.4871022539483495,0.6827872602404123,0.672962838580376,0.40278290930974336,11,135,0.019766128058063992,120,607,0.26815883944292396,14,0.6753926880596748
49535.6,https://insights.blackcoffer.com/how-prepared-is-india-to-tackle-a-possible-covid-19-outbreak/,,,,,,,,,,,,,,0.9535588199770272,0.8912353767623525,0.020504885787120175,0.513796335733009,15,138,0.5744631750898139,108,835,0.4286965821457751,10,0.4754405441463263
50459.2,https://insights.blackcoffer.com/controversy-as-a-marketing-strategy/,,,,,,,,,,,,,,0.16757164234344712,0.6741172644669431,0.03531734422152555,0.6237792034777851,11,190,0.6365330919383237,112,896,0.46128847711432375,7,0.9295331242106297
50921.0,https://insights.blackcoffer.com/coronavirus-impact-on-the-hospitality-industry/,,,,,,,,,,,,,,0.16671588638762547,0.7796253021016915,0.21224667525702445,0.011447797090245238,16,166,0.6254905901451066,191,711,0.5593951878459354,8,0.8783866769584896
51382.8,https://insights.blackcoffer.com/coronavirus-impact-on-energy-markets/,,,,,,,,,,,,,,0.20806283306227458,0.16361871814948392,0.06666298977930929,0.7821773544383306,17,129,0.5780255509024669,178,658,0.9996479521363515,7,0.3075276621402845
51844.6,https://insights.blackcoffer.com/what-are-the-key-policies-that-will-mitigate-the-impacts-of-covid-19-on-the-world-of-work/,,,,,,,,,,,,,,0.16518582235750878,0.494840501784234,0.02157243639568729,0.8104795217552776,18,194,0.8125793472915188,125,801,0.45151436423917424,11,0.12803726718935482
52306.4,https://insights.blackcoffer.com/marketing-drives-results-with-a-focus-on-problems/,,,,,,,,,,,,,,0.6256524455254378,0.555195920307,0.2328394567825669,0.7514099203351593,15,198,0.9256262209363221,186,622,0.3449613745343616,7,0.1598674356028329
52768.2,https://insights.blackcoffer.com/continued-demand-for-sustainability/,,,,,,,,,,,,,,0.9881096674645059,0.7703134327681828,0.22245324939627065,0.8530163365245684,16,175,0.33855707397352586,117,835,0.7124519699085058,5,0.256465252131574
